Pais;Bandeira;Wikipedia;População
;;;
China;https://upload.wikimedia.org/wikipedia/commons/thumb/f/fa/Flag_of_the_People%27s_Republic_of_China.svg/22px-Flag_of_the_People%27s_Republic_of_China.svg.png;https://wikipedia.org//wiki/China;1411780000
Índia;https://upload.wikimedia.org/wikipedia/commons/thumb/4/41/Flag_of_India.svg/22px-Flag_of_India.svg.png;https://wikipedia.org//wiki/%C3%8Dndia;1380004385
Estados Unidos;https://upload.wikimedia.org/wikipedia/commons/thumb/a/a4/Flag_of_the_United_States.svg/22px-Flag_of_the_United_States.svg.png;https://wikipedia.org//wiki/Estados_Unidos;331449281
Indonésia;https://upload.wikimedia.org/wikipedia/commons/thumb/9/9f/Flag_of_Indonesia.svg/22px-Flag_of_Indonesia.svg.png;https://wikipedia.org//wiki/Indon%C3%A9sia;273523615
Paquistão;https://upload.wikimedia.org/wikipedia/commons/thumb/3/32/Flag_of_Pakistan.svg/22px-Flag_of_Pakistan.svg.png;https://wikipedia.org//wiki/Paquist%C3%A3o;220892340
Brasil;https://upload.wikimedia.org/wikipedia/commons/thumb/0/05/Flag_of_Brazil.svg/22px-Flag_of_Brazil.svg.png;https://wikipedia.org//wiki/Brasil;211755692
Nigéria;https://upload.wikimedia.org/wikipedia/commons/thumb/7/79/Flag_of_Nigeria.svg/22px-Flag_of_Nigeria.svg.png;https://wikipedia.org//wiki/Nig%C3%A9ria;206139589
Bangladesh;https://upload.wikimedia.org/wikipedia/commons/thumb/f/f9/Flag_of_Bangladesh.svg/22px-Flag_of_Bangladesh.svg.png;https://wikipedia.org//wiki/Bangladesh;164689383
Rússia;https://upload.wikimedia.org/wikipedia/commons/thumb/f/f3/Flag_of_Russia.svg/22px-Flag_of_Russia.svg.png;https://wikipedia.org//wiki/R%C3%BAssia;145934462
México;https://upload.wikimedia.org/wikipedia/commons/thumb/f/fc/Flag_of_Mexico.svg/22px-Flag_of_Mexico.svg.png;https://wikipedia.org//wiki/M%C3%A9xico;128932753
Japão;https://upload.wikimedia.org/wikipedia/commons/thumb/9/9e/Flag_of_Japan.svg/22px-Flag_of_Japan.svg.png;https://wikipedia.org//wiki/Jap%C3%A3o;126476461
Etiópia;https://upload.wikimedia.org/wikipedia/commons/thumb/7/71/Flag_of_Ethiopia.svg/22px-Flag_of_Ethiopia.svg.png;https://wikipedia.org//wiki/Eti%C3%B3pia;114963588
Filipinas;https://upload.wikimedia.org/wikipedia/commons/thumb/9/99/Flag_of_the_Philippines.svg/22px-Flag_of_the_Philippines.svg.png;https://wikipedia.org//wiki/Filipinas;109581078
Egito;https://upload.wikimedia.org/wikipedia/commons/thumb/f/fe/Flag_of_Egypt.svg/22px-Flag_of_Egypt.svg.png;https://wikipedia.org//wiki/Egito;102334404
Vietname;https://upload.wikimedia.org/wikipedia/commons/thumb/2/21/Flag_of_Vietnam.svg/22px-Flag_of_Vietnam.svg.png;https://wikipedia.org//wiki/Vietname;97338579
República Democrática do Congo;https://upload.wikimedia.org/wikipedia/commons/thumb/6/6f/Flag_of_the_Democratic_Republic_of_the_Congo.svg/22px-Flag_of_the_Democratic_Republic_of_the_Congo.svg.png;https://wikipedia.org//wiki/Rep%C3%BAblica_Democr%C3%A1tica_do_Congo;89561403
Turquia;https://upload.wikimedia.org/wikipedia/commons/thumb/b/b4/Flag_of_Turkey.svg/22px-Flag_of_Turkey.svg.png;https://wikipedia.org//wiki/Turquia;84339067
Irã;https://upload.wikimedia.org/wikipedia/commons/thumb/c/ca/Flag_of_Iran.svg/22px-Flag_of_Iran.svg.png;https://wikipedia.org//wiki/Ir%C3%A3o;83992949
Alemanha;https://upload.wikimedia.org/wikipedia/commons/thumb/b/ba/Flag_of_Germany.svg/22px-Flag_of_Germany.svg.png;https://wikipedia.org//wiki/Alemanha;83783942
Tailândia;https://upload.wikimedia.org/wikipedia/commons/thumb/a/a9/Flag_of_Thailand.svg/22px-Flag_of_Thailand.svg.png;https://wikipedia.org//wiki/Tail%C3%A2ndia;69799978
Reino Unido;https://upload.wikimedia.org/wikipedia/commons/thumb/a/ae/Flag_of_the_United_Kingdom.svg/22px-Flag_of_the_United_Kingdom.svg.png;https://wikipedia.org//wiki/Reino_Unido;67886011
França;https://upload.wikimedia.org/wikipedia/commons/thumb/c/c3/Flag_of_France.svg/22px-Flag_of_France.svg.png;https://wikipedia.org//wiki/Fran%C3%A7a;65273511
Itália;https://upload.wikimedia.org/wikipedia/commons/thumb/0/03/Flag_of_Italy.svg/22px-Flag_of_Italy.svg.png;https://wikipedia.org//wiki/It%C3%A1lia;60461826
Tanzânia;https://upload.wikimedia.org/wikipedia/commons/thumb/3/38/Flag_of_Tanzania.svg/22px-Flag_of_Tanzania.svg.png;https://wikipedia.org//wiki/Tanz%C3%A2nia;59734218
África do Sul;https://upload.wikimedia.org/wikipedia/commons/thumb/a/af/Flag_of_South_Africa.svg/22px-Flag_of_South_Africa.svg.png;https://wikipedia.org//wiki/%C3%81frica_do_Sul;59308690
Myanmar;https://upload.wikimedia.org/wikipedia/commons/thumb/8/8c/Flag_of_Myanmar.svg/22px-Flag_of_Myanmar.svg.png;https://wikipedia.org//wiki/Myanmar;54409800
Quénia;https://upload.wikimedia.org/wikipedia/commons/thumb/4/49/Flag_of_Kenya.svg/22px-Flag_of_Kenya.svg.png;https://wikipedia.org//wiki/Qu%C3%A9nia;53771296
Coreia do Sul;https://upload.wikimedia.org/wikipedia/commons/thumb/0/09/Flag_of_South_Korea.svg/22px-Flag_of_South_Korea.svg.png;https://wikipedia.org//wiki/Coreia_do_Sul;51269185
Colômbia;https://upload.wikimedia.org/wikipedia/commons/thumb/2/21/Flag_of_Colombia.svg/22px-Flag_of_Colombia.svg.png;https://wikipedia.org//wiki/Col%C3%B4mbia;50882891
Espanha;https://upload.wikimedia.org/wikipedia/commons/thumb/9/9a/Flag_of_Spain.svg/22px-Flag_of_Spain.svg.png;https://wikipedia.org//wiki/Espanha;46754778
Uganda;https://upload.wikimedia.org/wikipedia/commons/thumb/4/4e/Flag_of_Uganda.svg/22px-Flag_of_Uganda.svg.png;https://wikipedia.org//wiki/Uganda;45741007
Argentina;https://upload.wikimedia.org/wikipedia/commons/thumb/1/1a/Flag_of_Argentina.svg/22px-Flag_of_Argentina.svg.png;https://wikipedia.org//wiki/Argentina;45195774
Argélia;https://upload.wikimedia.org/wikipedia/commons/thumb/7/77/Flag_of_Algeria.svg/22px-Flag_of_Algeria.svg.png;https://wikipedia.org//wiki/Arg%C3%A9lia;43851044
Sudão;https://upload.wikimedia.org/wikipedia/commons/thumb/0/01/Flag_of_Sudan.svg/22px-Flag_of_Sudan.svg.png;https://wikipedia.org//wiki/Sud%C3%A3o;43849260
Ucrânia;https://upload.wikimedia.org/wikipedia/commons/thumb/4/49/Flag_of_Ukraine.svg/22px-Flag_of_Ukraine.svg.png;https://wikipedia.org//wiki/Ucr%C3%A2nia;43733762
Iraque;https://upload.wikimedia.org/wikipedia/commons/thumb/f/f6/Flag_of_Iraq.svg/22px-Flag_of_Iraq.svg.png;https://wikipedia.org//wiki/Iraque;40222493
Afeganistão;https://upload.wikimedia.org/wikipedia/commons/thumb/9/9a/Flag_of_Afghanistan.svg/22px-Flag_of_Afghanistan.svg.png;https://wikipedia.org//wiki/Afeganist%C3%A3o;38928346
Polónia;https://upload.wikimedia.org/wikipedia/commons/thumb/1/12/Flag_of_Poland.svg/22px-Flag_of_Poland.svg.png;https://wikipedia.org//wiki/Pol%C3%B3nia;37846611
Canadá;https://upload.wikimedia.org/wikipedia/commons/thumb/d/d9/Flag_of_Canada_%28Pantone%29.svg/22px-Flag_of_Canada_%28Pantone%29.svg.png;https://wikipedia.org//wiki/Canad%C3%A1;37742154
Marrocos;https://upload.wikimedia.org/wikipedia/commons/thumb/2/2c/Flag_of_Morocco.svg/22px-Flag_of_Morocco.svg.png;https://wikipedia.org//wiki/Marrocos;36910560
Arábia Saudita;https://upload.wikimedia.org/wikipedia/commons/thumb/0/0d/Flag_of_Saudi_Arabia.svg/22px-Flag_of_Saudi_Arabia.svg.png;https://wikipedia.org//wiki/Ar%C3%A1bia_Saudita;34813871
Uzbequistão;https://upload.wikimedia.org/wikipedia/commons/thumb/8/84/Flag_of_Uzbekistan.svg/22px-Flag_of_Uzbekistan.svg.png;https://wikipedia.org//wiki/Uzbequist%C3%A3o;33469203
Peru;https://upload.wikimedia.org/wikipedia/commons/thumb/c/cf/Flag_of_Peru.svg/22px-Flag_of_Peru.svg.png;https://wikipedia.org//wiki/Peru;32971854
Angola;https://upload.wikimedia.org/wikipedia/commons/thumb/9/9d/Flag_of_Angola.svg/22px-Flag_of_Angola.svg.png;https://wikipedia.org//wiki/Angola;32866272
Malásia;https://upload.wikimedia.org/wikipedia/commons/thumb/6/66/Flag_of_Malaysia.svg/22px-Flag_of_Malaysia.svg.png;https://wikipedia.org//wiki/Mal%C3%A1sia;32365999
Moçambique;https://upload.wikimedia.org/wikipedia/commons/thumb/d/d0/Flag_of_Mozambique.svg/22px-Flag_of_Mozambique.svg.png;https://wikipedia.org//wiki/Mo%C3%A7ambique;31255435
Gana;https://upload.wikimedia.org/wikipedia/commons/thumb/1/19/Flag_of_Ghana.svg/22px-Flag_of_Ghana.svg.png;https://wikipedia.org//wiki/Gana;31072940
Iémen;https://upload.wikimedia.org/wikipedia/commons/thumb/8/89/Flag_of_Yemen.svg/22px-Flag_of_Yemen.svg.png;https://wikipedia.org//wiki/I%C3%A9men;29825968
Nepal;https://upload.wikimedia.org/wikipedia/commons/thumb/9/9b/Flag_of_Nepal.svg/16px-Flag_of_Nepal.svg.png;https://wikipedia.org//wiki/Nepal;29136808
Venezuela;https://upload.wikimedia.org/wikipedia/commons/thumb/0/06/Flag_of_Venezuela.svg/22px-Flag_of_Venezuela.svg.png;https://wikipedia.org//wiki/Venezuela;28435940
Madagascar;https://upload.wikimedia.org/wikipedia/commons/thumb/b/bc/Flag_of_Madagascar.svg/22px-Flag_of_Madagascar.svg.png;https://wikipedia.org//wiki/Madagascar;27691018
Camarões;https://upload.wikimedia.org/wikipedia/commons/thumb/4/4f/Flag_of_Cameroon.svg/22px-Flag_of_Cameroon.svg.png;https://wikipedia.org//wiki/Camar%C3%B5es;26545864
Costa do Marfim;https://upload.wikimedia.org/wikipedia/commons/thumb/f/fe/Flag_of_C%C3%B4te_d%27Ivoire.svg/22px-Flag_of_C%C3%B4te_d%27Ivoire.svg.png;https://wikipedia.org//wiki/Costa_do_Marfim;26378274
Coreia do Norte;https://upload.wikimedia.org/wikipedia/commons/thumb/5/51/Flag_of_North_Korea.svg/22px-Flag_of_North_Korea.svg.png;https://wikipedia.org//wiki/Coreia_do_Norte;25778816
Austrália;https://upload.wikimedia.org/wikipedia/commons/thumb/b/b9/Flag_of_Australia.svg/22px-Flag_of_Australia.svg.png;https://wikipedia.org//wiki/Austr%C3%A1lia;25499884
Níger;https://upload.wikimedia.org/wikipedia/commons/thumb/f/f4/Flag_of_Niger.svg/22px-Flag_of_Niger.svg.png;https://wikipedia.org//wiki/N%C3%ADger;24206644
Taiwan;https://upload.wikimedia.org/wikipedia/commons/thumb/7/72/Flag_of_the_Republic_of_China.svg/22px-Flag_of_the_Republic_of_China.svg.png;https://wikipedia.org//wiki/Taiwan;23816775
Sri Lanka;https://upload.wikimedia.org/wikipedia/commons/thumb/1/11/Flag_of_Sri_Lanka.svg/22px-Flag_of_Sri_Lanka.svg.png;https://wikipedia.org//wiki/Sri_Lanka;21413249
Burquina Fasso;https://upload.wikimedia.org/wikipedia/commons/thumb/3/31/Flag_of_Burkina_Faso.svg/22px-Flag_of_Burkina_Faso.svg.png;https://wikipedia.org//wiki/Burquina_Fasso;20903273
Mali;https://upload.wikimedia.org/wikipedia/commons/thumb/9/92/Flag_of_Mali.svg/22px-Flag_of_Mali.svg.png;https://wikipedia.org//wiki/Mali;20250833
Roménia;https://upload.wikimedia.org/wikipedia/commons/thumb/7/73/Flag_of_Romania.svg/22px-Flag_of_Romania.svg.png;https://wikipedia.org//wiki/Rom%C3%A9nia;19237691
Malawi;https://upload.wikimedia.org/wikipedia/commons/thumb/d/d1/Flag_of_Malawi.svg/22px-Flag_of_Malawi.svg.png;https://wikipedia.org//wiki/Malawi;19129952
Chile;https://upload.wikimedia.org/wikipedia/commons/thumb/7/78/Flag_of_Chile.svg/22px-Flag_of_Chile.svg.png;https://wikipedia.org//wiki/Chile;19116201
Cazaquistão;https://upload.wikimedia.org/wikipedia/commons/thumb/d/d3/Flag_of_Kazakhstan.svg/22px-Flag_of_Kazakhstan.svg.png;https://wikipedia.org//wiki/Cazaquist%C3%A3o;18776707
Zâmbia;https://upload.wikimedia.org/wikipedia/commons/thumb/0/06/Flag_of_Zambia.svg/22px-Flag_of_Zambia.svg.png;https://wikipedia.org//wiki/Z%C3%A2mbia;18383955
Guatemala;https://upload.wikimedia.org/wikipedia/commons/thumb/e/ec/Flag_of_Guatemala.svg/22px-Flag_of_Guatemala.svg.png;https://wikipedia.org//wiki/Guatemala;17915568
Equador;https://upload.wikimedia.org/wikipedia/commons/thumb/e/e8/Flag_of_Ecuador.svg/22px-Flag_of_Ecuador.svg.png;https://wikipedia.org//wiki/Equador;17643054
Síria;https://upload.wikimedia.org/wikipedia/commons/thumb/5/53/Flag_of_Syria.svg/22px-Flag_of_Syria.svg.png;https://wikipedia.org//wiki/S%C3%ADria;17500657
Países Baixos;https://upload.wikimedia.org/wikipedia/commons/thumb/2/20/Flag_of_the_Netherlands.svg/22px-Flag_of_the_Netherlands.svg.png;https://wikipedia.org//wiki/Pa%C3%ADses_Baixos;17134872
Senegal;https://upload.wikimedia.org/wikipedia/commons/thumb/f/fd/Flag_of_Senegal.svg/22px-Flag_of_Senegal.svg.png;https://wikipedia.org//wiki/Senegal;16743927
Camboja;https://upload.wikimedia.org/wikipedia/commons/thumb/8/83/Flag_of_Cambodia.svg/22px-Flag_of_Cambodia.svg.png;https://wikipedia.org//wiki/Camboja;16718965
Chade;https://upload.wikimedia.org/wikipedia/commons/thumb/4/4b/Flag_of_Chad.svg/22px-Flag_of_Chad.svg.png;https://wikipedia.org//wiki/Chade;16425864
Somália;https://upload.wikimedia.org/wikipedia/commons/thumb/a/a0/Flag_of_Somalia.svg/22px-Flag_of_Somalia.svg.png;https://wikipedia.org//wiki/Som%C3%A1lia;15893222
Zimbabwe;https://upload.wikimedia.org/wikipedia/commons/thumb/6/6a/Flag_of_Zimbabwe.svg/22px-Flag_of_Zimbabwe.svg.png;https://wikipedia.org//wiki/Zimbabwe;14862924
Guiné;https://upload.wikimedia.org/wikipedia/commons/thumb/e/ed/Flag_of_Guinea.svg/22px-Flag_of_Guinea.svg.png;https://wikipedia.org//wiki/Guin%C3%A9;13132795
Ruanda;https://upload.wikimedia.org/wikipedia/commons/thumb/1/17/Flag_of_Rwanda.svg/22px-Flag_of_Rwanda.svg.png;https://wikipedia.org//wiki/Ruanda;12952218
Benim;https://upload.wikimedia.org/wikipedia/commons/thumb/0/0a/Flag_of_Benin.svg/22px-Flag_of_Benin.svg.png;https://wikipedia.org//wiki/Benim;12123000
Burundi;https://upload.wikimedia.org/wikipedia/commons/thumb/5/50/Flag_of_Burundi.svg/22px-Flag_of_Burundi.svg.png;https://wikipedia.org//wiki/Burundi;11890784
Tunísia;https://upload.wikimedia.org/wikipedia/commons/thumb/c/ce/Flag_of_Tunisia.svg/22px-Flag_of_Tunisia.svg.png;https://wikipedia.org//wiki/Tun%C3%ADsia;11818619
Bolívia;https://upload.wikimedia.org/wikipedia/commons/thumb/4/48/Flag_of_Bolivia.svg/22px-Flag_of_Bolivia.svg.png;https://wikipedia.org//wiki/Bol%C3%ADvia;11673021
Bélgica;https://upload.wikimedia.org/wikipedia/commons/thumb/9/92/Flag_of_Belgium_%28civil%29.svg/22px-Flag_of_Belgium_%28civil%29.svg.png;https://wikipedia.org//wiki/B%C3%A9lgica;11589623
Haiti;https://upload.wikimedia.org/wikipedia/commons/thumb/5/56/Flag_of_Haiti.svg/22px-Flag_of_Haiti.svg.png;https://wikipedia.org//wiki/Haiti;11402528
Cuba;https://upload.wikimedia.org/wikipedia/commons/thumb/b/bd/Flag_of_Cuba.svg/22px-Flag_of_Cuba.svg.png;https://wikipedia.org//wiki/Cuba;11326616
Sudão do Sul;https://upload.wikimedia.org/wikipedia/commons/thumb/7/7a/Flag_of_South_Sudan.svg/22px-Flag_of_South_Sudan.svg.png;https://wikipedia.org//wiki/Sud%C3%A3o_do_Sul;11193725
República Dominicana;https://upload.wikimedia.org/wikipedia/commons/thumb/9/9f/Flag_of_the_Dominican_Republic.svg/22px-Flag_of_the_Dominican_Republic.svg.png;https://wikipedia.org//wiki/Rep%C3%BAblica_Dominicana;10847910
Chéquia;https://upload.wikimedia.org/wikipedia/commons/thumb/c/cb/Flag_of_the_Czech_Republic.svg/22px-Flag_of_the_Czech_Republic.svg.png;https://wikipedia.org//wiki/Ch%C3%A9quia;10708981
Grécia;https://upload.wikimedia.org/wikipedia/commons/thumb/5/5c/Flag_of_Greece.svg/22px-Flag_of_Greece.svg.png;https://wikipedia.org//wiki/Gr%C3%A9cia;10423054
Jordânia;https://upload.wikimedia.org/wikipedia/commons/thumb/c/c0/Flag_of_Jordan.svg/22px-Flag_of_Jordan.svg.png;https://wikipedia.org//wiki/Jord%C3%A2nia;10203134
Portugal;https://upload.wikimedia.org/wikipedia/commons/thumb/5/5c/Flag_of_Portugal.svg/22px-Flag_of_Portugal.svg.png;https://wikipedia.org//wiki/Portugal;10196709
Azerbaijão;https://upload.wikimedia.org/wikipedia/commons/thumb/d/dd/Flag_of_Azerbaijan.svg/22px-Flag_of_Azerbaijan.svg.png;https://wikipedia.org//wiki/Azerbaij%C3%A3o;10139177
Suécia;https://upload.wikimedia.org/wikipedia/commons/thumb/4/4c/Flag_of_Sweden.svg/22px-Flag_of_Sweden.svg.png;https://wikipedia.org//wiki/Su%C3%A9cia;10099265
Honduras;https://upload.wikimedia.org/wikipedia/commons/thumb/7/79/Flag_of_Honduras_%282008_Olympics%29.svg/22px-Flag_of_Honduras_%282008_Olympics%29.svg.png;https://wikipedia.org//wiki/Honduras;9904607
Emirados Árabes Unidos;https://upload.wikimedia.org/wikipedia/commons/thumb/c/cb/Flag_of_the_United_Arab_Emirates.svg/22px-Flag_of_the_United_Arab_Emirates.svg.png;https://wikipedia.org//wiki/Emirados_%C3%81rabes_Unidos;9890402
Hungria;https://upload.wikimedia.org/wikipedia/commons/thumb/c/c1/Flag_of_Hungary.svg/22px-Flag_of_Hungary.svg.png;https://wikipedia.org//wiki/Hungria;9660351
Tajiquistão;https://upload.wikimedia.org/wikipedia/commons/thumb/d/d0/Flag_of_Tajikistan.svg/22px-Flag_of_Tajikistan.svg.png;https://wikipedia.org//wiki/Tajiquist%C3%A3o;9537645
Bielorrússia;https://upload.wikimedia.org/wikipedia/commons/thumb/8/85/Flag_of_Belarus.svg/22px-Flag_of_Belarus.svg.png;https://wikipedia.org//wiki/Bielorr%C3%BAssia;9449323
Áustria;https://upload.wikimedia.org/wikipedia/commons/thumb/4/41/Flag_of_Austria.svg/22px-Flag_of_Austria.svg.png;https://wikipedia.org//wiki/%C3%81ustria;9006398
Papua-Nova Guiné;https://upload.wikimedia.org/wikipedia/commons/thumb/e/e3/Flag_of_Papua_New_Guinea.svg/22px-Flag_of_Papua_New_Guinea.svg.png;https://wikipedia.org//wiki/Papua-Nova_Guin%C3%A9;8947024
Israel;https://upload.wikimedia.org/wikipedia/commons/thumb/d/d4/Flag_of_Israel.svg/22px-Flag_of_Israel.svg.png;https://wikipedia.org//wiki/Israel;8655535
Suíça;https://upload.wikimedia.org/wikipedia/commons/thumb/f/f3/Flag_of_Switzerland.svg/16px-Flag_of_Switzerland.svg.png;https://wikipedia.org//wiki/Su%C3%AD%C3%A7a;8654622
Togo;https://upload.wikimedia.org/wikipedia/commons/thumb/6/68/Flag_of_Togo.svg/22px-Flag_of_Togo.svg.png;https://wikipedia.org//wiki/Togo;8278724
Serra Leoa;https://upload.wikimedia.org/wikipedia/commons/thumb/1/17/Flag_of_Sierra_Leone.svg/22px-Flag_of_Sierra_Leone.svg.png;https://wikipedia.org//wiki/Serra_Leoa;7976983
Hong Kong (China);https://upload.wikimedia.org/wikipedia/commons/thumb/5/5b/Flag_of_Hong_Kong.svg/22px-Flag_of_Hong_Kong.svg.png;https://wikipedia.org//wiki/Hong_Kong;7496981
Laos;https://upload.wikimedia.org/wikipedia/commons/thumb/5/56/Flag_of_Laos.svg/22px-Flag_of_Laos.svg.png;https://wikipedia.org//wiki/Laos;7275560
Paraguai;https://upload.wikimedia.org/wikipedia/commons/thumb/2/27/Flag_of_Paraguay.svg/22px-Flag_of_Paraguay.svg.png;https://wikipedia.org//wiki/Paraguai;7132538
Bulgária;https://upload.wikimedia.org/wikipedia/commons/thumb/9/9a/Flag_of_Bulgaria.svg/22px-Flag_of_Bulgaria.svg.png;https://wikipedia.org//wiki/Bulg%C3%A1ria;6948445
Sérvia;https://upload.wikimedia.org/wikipedia/commons/thumb/f/ff/Flag_of_Serbia.svg/22px-Flag_of_Serbia.svg.png;https://wikipedia.org//wiki/S%C3%A9rvia;6926705
Líbia;https://upload.wikimedia.org/wikipedia/commons/thumb/0/05/Flag_of_Libya.svg/22px-Flag_of_Libya.svg.png;https://wikipedia.org//wiki/L%C3%ADbia;6871292
Líbano;https://upload.wikimedia.org/wikipedia/commons/thumb/5/59/Flag_of_Lebanon.svg/22px-Flag_of_Lebanon.svg.png;https://wikipedia.org//wiki/L%C3%ADbano;6825445
Nicarágua;https://upload.wikimedia.org/wikipedia/commons/thumb/1/19/Flag_of_Nicaragua.svg/22px-Flag_of_Nicaragua.svg.png;https://wikipedia.org//wiki/Nicar%C3%A1gua;6624554
Quirguistão;https://upload.wikimedia.org/wikipedia/commons/thumb/c/c7/Flag_of_Kyrgyzstan.svg/22px-Flag_of_Kyrgyzstan.svg.png;https://wikipedia.org//wiki/Quirguist%C3%A3o;6524195
El Salvador;https://upload.wikimedia.org/wikipedia/commons/thumb/3/34/Flag_of_El_Salvador.svg/22px-Flag_of_El_Salvador.svg.png;https://wikipedia.org//wiki/El_Salvador;6486205
Turquemenistão;https://upload.wikimedia.org/wikipedia/commons/thumb/1/1b/Flag_of_Turkmenistan.svg/22px-Flag_of_Turkmenistan.svg.png;https://wikipedia.org//wiki/Turquemenist%C3%A3o;6031200
Singapura;https://upload.wikimedia.org/wikipedia/commons/thumb/4/48/Flag_of_Singapore.svg/22px-Flag_of_Singapore.svg.png;https://wikipedia.org//wiki/Singapura;5850342
Dinamarca;https://upload.wikimedia.org/wikipedia/commons/thumb/9/9c/Flag_of_Denmark.svg/22px-Flag_of_Denmark.svg.png;https://wikipedia.org//wiki/Dinamarca;5792202
Finlândia;https://upload.wikimedia.org/wikipedia/commons/thumb/b/bc/Flag_of_Finland.svg/22px-Flag_of_Finland.svg.png;https://wikipedia.org//wiki/Finl%C3%A2ndia;5540720
Congo;https://upload.wikimedia.org/wikipedia/commons/thumb/9/92/Flag_of_the_Republic_of_the_Congo.svg/22px-Flag_of_the_Republic_of_the_Congo.svg.png;https://wikipedia.org//wiki/Rep%C3%BAblica_do_Congo;5518087
Eslováquia;https://upload.wikimedia.org/wikipedia/commons/thumb/e/e6/Flag_of_Slovakia.svg/22px-Flag_of_Slovakia.svg.png;https://wikipedia.org//wiki/Eslov%C3%A1quia;5459642
Noruega;https://upload.wikimedia.org/wikipedia/commons/thumb/d/d9/Flag_of_Norway.svg/22px-Flag_of_Norway.svg.png;https://wikipedia.org//wiki/Noruega;5421241
Oman;https://upload.wikimedia.org/wikipedia/commons/thumb/d/dd/Flag_of_Oman.svg/22px-Flag_of_Oman.svg.png;https://wikipedia.org//wiki/Oman;5106626
Palestina;https://upload.wikimedia.org/wikipedia/commons/thumb/0/00/Flag_of_Palestine.svg/22px-Flag_of_Palestine.svg.png;https://wikipedia.org//wiki/Territ%C3%B3rios_palestinos;5101414
Costa Rica;https://upload.wikimedia.org/wikipedia/commons/thumb/f/f2/Flag_of_Costa_Rica.svg/22px-Flag_of_Costa_Rica.svg.png;https://wikipedia.org//wiki/Costa_Rica;5094118
Libéria;https://upload.wikimedia.org/wikipedia/commons/thumb/b/b8/Flag_of_Liberia.svg/22px-Flag_of_Liberia.svg.png;https://wikipedia.org//wiki/Lib%C3%A9ria;5057681
Irlanda;https://upload.wikimedia.org/wikipedia/commons/thumb/4/45/Flag_of_Ireland.svg/22px-Flag_of_Ireland.svg.png;https://wikipedia.org//wiki/Rep%C3%BAblica_da_Irlanda;4937786
República Centro-Africana;https://upload.wikimedia.org/wikipedia/commons/thumb/6/6f/Flag_of_the_Central_African_Republic.svg/22px-Flag_of_the_Central_African_Republic.svg.png;https://wikipedia.org//wiki/Rep%C3%BAblica_Centro-Africana;4829767
Nova Zelândia;https://upload.wikimedia.org/wikipedia/commons/thumb/3/3e/Flag_of_New_Zealand.svg/22px-Flag_of_New_Zealand.svg.png;https://wikipedia.org//wiki/Nova_Zel%C3%A2ndia;4822233
Mauritânia;https://upload.wikimedia.org/wikipedia/commons/thumb/4/43/Flag_of_Mauritania.svg/22px-Flag_of_Mauritania.svg.png;https://wikipedia.org//wiki/Maurit%C3%A2nia;4649658
Panamá;https://upload.wikimedia.org/wikipedia/commons/thumb/a/ab/Flag_of_Panama.svg/22px-Flag_of_Panama.svg.png;https://wikipedia.org//wiki/Panam%C3%A1;4314767
Kuwait;https://upload.wikimedia.org/wikipedia/commons/thumb/a/aa/Flag_of_Kuwait.svg/22px-Flag_of_Kuwait.svg.png;https://wikipedia.org//wiki/Kuwait;4270571
Croácia;https://upload.wikimedia.org/wikipedia/commons/thumb/1/1b/Flag_of_Croatia.svg/22px-Flag_of_Croatia.svg.png;https://wikipedia.org//wiki/Cro%C3%A1cia;4105267
Geórgia;https://upload.wikimedia.org/wikipedia/commons/thumb/0/0f/Flag_of_Georgia.svg/22px-Flag_of_Georgia.svg.png;https://wikipedia.org//wiki/Ge%C3%B3rgia;3989167
Eritreia;https://upload.wikimedia.org/wikipedia/commons/thumb/2/29/Flag_of_Eritrea.svg/22px-Flag_of_Eritrea.svg.png;https://wikipedia.org//wiki/Eritreia;3546421
Uruguai;https://upload.wikimedia.org/wikipedia/commons/thumb/f/fe/Flag_of_Uruguay.svg/22px-Flag_of_Uruguay.svg.png;https://wikipedia.org//wiki/Uruguai;3473730
Bósnia e Herzegovina;https://upload.wikimedia.org/wikipedia/commons/thumb/b/bf/Flag_of_Bosnia_and_Herzegovina.svg/22px-Flag_of_Bosnia_and_Herzegovina.svg.png;https://wikipedia.org//wiki/B%C3%B3snia_e_Herzegovina;3280819
Mongólia;https://upload.wikimedia.org/wikipedia/commons/thumb/4/4c/Flag_of_Mongolia.svg/22px-Flag_of_Mongolia.svg.png;https://wikipedia.org//wiki/Mong%C3%B3lia;3278290
Arménia;https://upload.wikimedia.org/wikipedia/commons/thumb/2/2f/Flag_of_Armenia.svg/22px-Flag_of_Armenia.svg.png;https://wikipedia.org//wiki/Arm%C3%A9nia;2963243
Jamaica;https://upload.wikimedia.org/wikipedia/commons/thumb/0/0a/Flag_of_Jamaica.svg/22px-Flag_of_Jamaica.svg.png;https://wikipedia.org//wiki/Jamaica;2961167
Catar;https://upload.wikimedia.org/wikipedia/commons/thumb/6/65/Flag_of_Qatar.svg/22px-Flag_of_Qatar.svg.png;https://wikipedia.org//wiki/Catar;2881053
Albânia;https://upload.wikimedia.org/wikipedia/commons/thumb/3/36/Flag_of_Albania.svg/22px-Flag_of_Albania.svg.png;https://wikipedia.org//wiki/Alb%C3%A2nia;2877797
Porto Rico  (Estados Unidos);https://upload.wikimedia.org/wikipedia/commons/thumb/2/28/Flag_of_Puerto_Rico.svg/22px-Flag_of_Puerto_Rico.svg.png;https://wikipedia.org//wiki/Porto_Rico;2860853
Lituânia;https://upload.wikimedia.org/wikipedia/commons/thumb/1/11/Flag_of_Lithuania.svg/22px-Flag_of_Lithuania.svg.png;https://wikipedia.org//wiki/Litu%C3%A2nia;2722289
Moldávia;https://upload.wikimedia.org/wikipedia/commons/thumb/2/27/Flag_of_Moldova.svg/22px-Flag_of_Moldova.svg.png;https://wikipedia.org//wiki/Mold%C3%A1via;2640438
Namíbia;https://upload.wikimedia.org/wikipedia/commons/thumb/0/00/Flag_of_Namibia.svg/22px-Flag_of_Namibia.svg.png;https://wikipedia.org//wiki/Nam%C3%ADbia;2540905
Gâmbia;https://upload.wikimedia.org/wikipedia/commons/thumb/7/77/Flag_of_The_Gambia.svg/22px-Flag_of_The_Gambia.svg.png;https://wikipedia.org//wiki/G%C3%A2mbia;2416668
Botswana;https://upload.wikimedia.org/wikipedia/commons/thumb/f/fa/Flag_of_Botswana.svg/22px-Flag_of_Botswana.svg.png;https://wikipedia.org//wiki/Botswana;2351627
Gabão;https://upload.wikimedia.org/wikipedia/commons/thumb/0/04/Flag_of_Gabon.svg/22px-Flag_of_Gabon.svg.png;https://wikipedia.org//wiki/Gab%C3%A3o;2225734
Lesoto;https://upload.wikimedia.org/wikipedia/commons/thumb/4/4a/Flag_of_Lesotho.svg/22px-Flag_of_Lesotho.svg.png;https://wikipedia.org//wiki/Lesoto;2142249
Macedônia do Norte;https://upload.wikimedia.org/wikipedia/commons/thumb/7/79/Flag_of_North_Macedonia.svg/22px-Flag_of_North_Macedonia.svg.png;https://wikipedia.org//wiki/Maced%C3%B4nia_do_Norte;2083374
Eslovénia;https://upload.wikimedia.org/wikipedia/commons/thumb/f/f0/Flag_of_Slovenia.svg/22px-Flag_of_Slovenia.svg.png;https://wikipedia.org//wiki/Eslov%C3%A9nia;2078938
Guiné-Bissau;https://upload.wikimedia.org/wikipedia/commons/thumb/0/01/Flag_of_Guinea-Bissau.svg/22px-Flag_of_Guinea-Bissau.svg.png;https://wikipedia.org//wiki/Guin%C3%A9-Bissau;1968001
Letónia;https://upload.wikimedia.org/wikipedia/commons/thumb/8/84/Flag_of_Latvia.svg/22px-Flag_of_Latvia.svg.png;https://wikipedia.org//wiki/Let%C3%B3nia;1886198
Kosovo;https://upload.wikimedia.org/wikipedia/commons/thumb/1/1f/Flag_of_Kosovo.svg/22px-Flag_of_Kosovo.svg.png;https://wikipedia.org//wiki/Kosovo;1795666
Bahrein;https://upload.wikimedia.org/wikipedia/commons/thumb/2/2c/Flag_of_Bahrain.svg/22px-Flag_of_Bahrain.svg.png;https://wikipedia.org//wiki/Bahrein;1701575
Guiné Equatorial;https://upload.wikimedia.org/wikipedia/commons/thumb/3/31/Flag_of_Equatorial_Guinea.svg/22px-Flag_of_Equatorial_Guinea.svg.png;https://wikipedia.org//wiki/Guin%C3%A9_Equatorial;1402985
Trinidad e Tobago;https://upload.wikimedia.org/wikipedia/commons/thumb/6/64/Flag_of_Trinidad_and_Tobago.svg/22px-Flag_of_Trinidad_and_Tobago.svg.png;https://wikipedia.org//wiki/Trinidad_e_Tobago;1399488
Estónia;https://upload.wikimedia.org/wikipedia/commons/thumb/8/8f/Flag_of_Estonia.svg/22px-Flag_of_Estonia.svg.png;https://wikipedia.org//wiki/Est%C3%B3nia;1326335
Timor-Leste;https://upload.wikimedia.org/wikipedia/commons/thumb/2/26/Flag_of_East_Timor.svg/22px-Flag_of_East_Timor.svg.png;https://wikipedia.org//wiki/Timor-Leste;1318445
Maurícia;https://upload.wikimedia.org/wikipedia/commons/thumb/7/77/Flag_of_Mauritius.svg/22px-Flag_of_Mauritius.svg.png;https://wikipedia.org//wiki/Maur%C3%ADcia;1271768
Eswatini;https://upload.wikimedia.org/wikipedia/commons/thumb/f/fb/Flag_of_Eswatini.svg/22px-Flag_of_Eswatini.svg.png;https://wikipedia.org//wiki/Essuat%C3%ADni;1160164
Djibouti;https://upload.wikimedia.org/wikipedia/commons/thumb/3/34/Flag_of_Djibouti.svg/22px-Flag_of_Djibouti.svg.png;https://wikipedia.org//wiki/Djibouti;988000
Chipre;https://upload.wikimedia.org/wikipedia/commons/thumb/d/d4/Flag_of_Cyprus.svg/22px-Flag_of_Cyprus.svg.png;https://wikipedia.org//wiki/Chipre;900432
Fiji;https://upload.wikimedia.org/wikipedia/commons/thumb/b/ba/Flag_of_Fiji.svg/22px-Flag_of_Fiji.svg.png;https://wikipedia.org//wiki/Fiji;896445
Reunião (França);https://upload.wikimedia.org/wikipedia/commons/thumb/8/8e/Proposed_flag_of_R%C3%A9union_%28VAR%29.svg/23px-Proposed_flag_of_R%C3%A9union_%28VAR%29.svg.png;https://wikipedia.org//wiki/Ficheiro:Proposed_flag_of_R%C3%A9union_(VAR).svg;895312
Comores;https://upload.wikimedia.org/wikipedia/commons/thumb/9/94/Flag_of_the_Comoros.svg/22px-Flag_of_the_Comoros.svg.png;https://wikipedia.org//wiki/Comores;869601
Guiana;https://upload.wikimedia.org/wikipedia/commons/thumb/9/99/Flag_of_Guyana.svg/22px-Flag_of_Guyana.svg.png;https://wikipedia.org//wiki/Guiana;786552
Butão;https://upload.wikimedia.org/wikipedia/commons/thumb/9/91/Flag_of_Bhutan.svg/22px-Flag_of_Bhutan.svg.png;https://wikipedia.org//wiki/But%C3%A3o;771608
Ilhas Salomão;https://upload.wikimedia.org/wikipedia/commons/thumb/7/74/Flag_of_the_Solomon_Islands.svg/22px-Flag_of_the_Solomon_Islands.svg.png;https://wikipedia.org//wiki/Ilhas_Salom%C3%A3o;686884
Macau (China);https://upload.wikimedia.org/wikipedia/commons/thumb/6/63/Flag_of_Macau.svg/22px-Flag_of_Macau.svg.png;https://wikipedia.org//wiki/Macau;649335
Montenegro;https://upload.wikimedia.org/wikipedia/commons/thumb/6/64/Flag_of_Montenegro.svg/22px-Flag_of_Montenegro.svg.png;https://wikipedia.org//wiki/Montenegro;649335
Luxemburgo;https://upload.wikimedia.org/wikipedia/commons/thumb/d/da/Flag_of_Luxembourg.svg/22px-Flag_of_Luxembourg.svg.png;https://wikipedia.org//wiki/Luxemburgo;625978
Saara Ocidental (Marrocos);https://upload.wikimedia.org/wikipedia/commons/thumb/2/26/Flag_of_the_Sahrawi_Arab_Democratic_Republic.svg/22px-Flag_of_the_Sahrawi_Arab_Democratic_Republic.svg.png;https://wikipedia.org//wiki/Saara_Ocidental;597339
Suriname;https://upload.wikimedia.org/wikipedia/commons/thumb/6/60/Flag_of_Suriname.svg/22px-Flag_of_Suriname.svg.png;https://wikipedia.org//wiki/Suriname;586632
Cabo Verde;https://upload.wikimedia.org/wikipedia/commons/thumb/3/38/Flag_of_Cape_Verde.svg/22px-Flag_of_Cape_Verde.svg.png;https://wikipedia.org//wiki/Cabo_Verde;555987
Maldivas;https://upload.wikimedia.org/wikipedia/commons/thumb/0/0f/Flag_of_Maldives.svg/22px-Flag_of_Maldives.svg.png;https://wikipedia.org//wiki/Maldivas;540544
Malta;https://upload.wikimedia.org/wikipedia/commons/thumb/7/73/Flag_of_Malta.svg/22px-Flag_of_Malta.svg.png;https://wikipedia.org//wiki/Malta;441543
Transnístria (Moldávia);https://upload.wikimedia.org/wikipedia/commons/thumb/5/58/Flag_of_Transnistria.svg/22px-Flag_of_Transnistria.svg.png;https://wikipedia.org//wiki/Transn%C3%ADstria;469000
Brunei;https://upload.wikimedia.org/wikipedia/commons/thumb/9/9c/Flag_of_Brunei.svg/22px-Flag_of_Brunei.svg.png;https://wikipedia.org//wiki/Brunei;437479
Guadalupe (França);https://upload.wikimedia.org/wikipedia/commons/thumb/e/e7/Unofficial_flag_of_Guadeloupe_%28local%29.svg/24px-Unofficial_flag_of_Guadeloupe_%28local%29.svg.png;https://wikipedia.org//wiki/Ficheiro:Unofficial_flag_of_Guadeloupe_(local).svg;400124
Belize;https://upload.wikimedia.org/wikipedia/commons/thumb/e/e7/Flag_of_Belize.svg/22px-Flag_of_Belize.svg.png;https://wikipedia.org//wiki/Belize;397628
Bahamas;https://upload.wikimedia.org/wikipedia/commons/thumb/7/77/Bahamas_Flag.svg/22px-Bahamas_Flag.svg.png;https://wikipedia.org//wiki/Bahamas;393244
Martinica (França);https://upload.wikimedia.org/wikipedia/commons/thumb/2/21/Flag_of_the_Territorial_Collectivity_of_Martinique.svg/22px-Flag_of_the_Territorial_Collectivity_of_Martinique.svg.png;https://wikipedia.org//wiki/Ficheiro:Flag_of_the_Territorial_Collectivity_of_Martinique.svg;375265
República Turca de Chipre do Norte (Chipre);https://upload.wikimedia.org/wikipedia/commons/thumb/1/1e/Flag_of_the_Turkish_Republic_of_Northern_Cyprus.svg/22px-Flag_of_the_Turkish_Republic_of_Northern_Cyprus.svg.png;https://wikipedia.org//wiki/Rep%C3%BAblica_Turca_de_Chipre_do_Norte;351965
Islândia;https://upload.wikimedia.org/wikipedia/commons/thumb/c/ce/Flag_of_Iceland.svg/22px-Flag_of_Iceland.svg.png;https://wikipedia.org//wiki/Isl%C3%A2ndia;341243
Vanuatu;https://upload.wikimedia.org/wikipedia/commons/thumb/b/bc/Flag_of_Vanuatu.svg/22px-Flag_of_Vanuatu.svg.png;https://wikipedia.org//wiki/Vanuatu;307145
Guiana Francesa (França);https://upload.wikimedia.org/wikipedia/commons/thumb/2/29/Flag_of_French_Guiana.svg/22px-Flag_of_French_Guiana.svg.png;https://wikipedia.org//wiki/Guiana_Francesa;298682
Barbados;https://upload.wikimedia.org/wikipedia/commons/thumb/e/ef/Flag_of_Barbados.svg/22px-Flag_of_Barbados.svg.png;https://wikipedia.org//wiki/Barbados;287375
Nova Caledônia  (França);https://upload.wikimedia.org/wikipedia/commons/thumb/2/26/Flags_of_New_Caledonia.svg/22px-Flags_of_New_Caledonia.svg.png;https://wikipedia.org//wiki/Ficheiro:Flags_of_New_Caledonia.svg;285498
Polinésia Francesa  (França);https://upload.wikimedia.org/wikipedia/commons/thumb/d/db/Flag_of_French_Polynesia.svg/22px-Flag_of_French_Polynesia.svg.png;https://wikipedia.org//wiki/Polin%C3%A9sia_Francesa;280908
Mayotte (França);https://upload.wikimedia.org/wikipedia/commons/thumb/6/6a/Flag_of_Mayotte_%28local%29.png/24px-Flag_of_Mayotte_%28local%29.png;https://wikipedia.org//wiki/Ficheiro:Flag_of_Mayotte_(local).png;272815
Abecásia (Geórgia);https://upload.wikimedia.org/wikipedia/commons/thumb/7/7a/Flag_of_the_Republic_of_Abkhazia.svg/22px-Flag_of_the_Republic_of_Abkhazia.svg.png;https://wikipedia.org//wiki/Abec%C3%A1sia;245424
São Tomé e Príncipe;https://upload.wikimedia.org/wikipedia/commons/thumb/4/4f/Flag_of_Sao_Tome_and_Principe.svg/22px-Flag_of_Sao_Tome_and_Principe.svg.png;https://wikipedia.org//wiki/S%C3%A3o_Tom%C3%A9_e_Pr%C3%ADncipe;219159
Samoa;https://upload.wikimedia.org/wikipedia/commons/thumb/3/31/Flag_of_Samoa.svg/22px-Flag_of_Samoa.svg.png;https://wikipedia.org//wiki/Samoa;198414
Santa Lúcia;https://upload.wikimedia.org/wikipedia/commons/thumb/9/9f/Flag_of_Saint_Lucia.svg/22px-Flag_of_Saint_Lucia.svg.png;https://wikipedia.org//wiki/Santa_L%C3%BAcia;183627
Guam (Estados unidos);https://upload.wikimedia.org/wikipedia/commons/thumb/0/07/Flag_of_Guam.svg/22px-Flag_of_Guam.svg.png;https://wikipedia.org//wiki/Guam;168775
Curaçao (Países Baixos);https://upload.wikimedia.org/wikipedia/commons/thumb/b/b1/Flag_of_Cura%C3%A7ao.svg/22px-Flag_of_Cura%C3%A7ao.svg.png;https://wikipedia.org//wiki/Cura%C3%A7ao;164093
Kiribati;https://upload.wikimedia.org/wikipedia/commons/thumb/d/d3/Flag_of_Kiribati.svg/22px-Flag_of_Kiribati.svg.png;https://wikipedia.org//wiki/Kiribati;119449
Estados Federados da Micronésia;https://upload.wikimedia.org/wikipedia/commons/thumb/e/e4/Flag_of_the_Federated_States_of_Micronesia.svg/22px-Flag_of_the_Federated_States_of_Micronesia.svg.png;https://wikipedia.org//wiki/Estados_Federados_da_Micron%C3%A9sia;114419
Granada;https://upload.wikimedia.org/wikipedia/commons/thumb/b/bc/Flag_of_Grenada.svg/22px-Flag_of_Grenada.svg.png;https://wikipedia.org//wiki/Granada_(pa%C3%ADs);112523
São Vicente e Granadinas;https://upload.wikimedia.org/wikipedia/commons/thumb/6/6d/Flag_of_Saint_Vincent_and_the_Grenadines.svg/22px-Flag_of_Saint_Vincent_and_the_Grenadines.svg.png;https://wikipedia.org//wiki/S%C3%A3o_Vicente_e_Granadinas;110940
Jersey  (Reino Unido);https://upload.wikimedia.org/wikipedia/commons/thumb/1/1c/Flag_of_Jersey.svg/22px-Flag_of_Jersey.svg.png;https://wikipedia.org//wiki/Jersey;107800
Aruba  (Países Baixos);https://upload.wikimedia.org/wikipedia/commons/thumb/f/f6/Flag_of_Aruba.svg/22px-Flag_of_Aruba.svg.png;https://wikipedia.org//wiki/Aruba;106766
Tonga;https://upload.wikimedia.org/wikipedia/commons/thumb/9/9a/Flag_of_Tonga.svg/22px-Flag_of_Tonga.svg.png;https://wikipedia.org//wiki/Tonga;105695
U.S. Ilhas Virgens  (Estados Unidos);https://upload.wikimedia.org/wikipedia/commons/thumb/f/f8/Flag_of_the_United_States_Virgin_Islands.svg/22px-Flag_of_the_United_States_Virgin_Islands.svg.png;https://wikipedia.org//wiki/Ilhas_Virgens_Americanas;104425
Seicheles;https://upload.wikimedia.org/wikipedia/commons/thumb/f/fc/Flag_of_Seychelles.svg/22px-Flag_of_Seychelles.svg.png;https://wikipedia.org//wiki/Seicheles;98347
Antígua e Barbuda;https://upload.wikimedia.org/wikipedia/commons/thumb/8/89/Flag_of_Antigua_and_Barbuda.svg/22px-Flag_of_Antigua_and_Barbuda.svg.png;https://wikipedia.org//wiki/Ant%C3%ADgua_e_Barbuda;97929
Ilha de Man  (Reino Unido);https://upload.wikimedia.org/wikipedia/commons/thumb/5/5d/Flag_of_the_Isle_of_Mann.svg/22px-Flag_of_the_Isle_of_Mann.svg.png;https://wikipedia.org//wiki/Ilha_de_Man;85033
Andorra;https://upload.wikimedia.org/wikipedia/commons/thumb/1/19/Flag_of_Andorra.svg/22px-Flag_of_Andorra.svg.png;https://wikipedia.org//wiki/Andorra;77265
Domínica;https://upload.wikimedia.org/wikipedia/commons/thumb/c/c4/Flag_of_Dominica.svg/22px-Flag_of_Dominica.svg.png;https://wikipedia.org//wiki/Dom%C3%ADnica;71986
Ilhas Cayman (Reino Unido);https://upload.wikimedia.org/wikipedia/commons/thumb/0/0f/Flag_of_the_Cayman_Islands.svg/22px-Flag_of_the_Cayman_Islands.svg.png;https://wikipedia.org//wiki/Ilhas_Cayman;65722
Guernsey (Reino Unido);https://upload.wikimedia.org/wikipedia/commons/thumb/f/fa/Flag_of_Guernsey.svg/22px-Flag_of_Guernsey.svg.png;https://wikipedia.org//wiki/Guernsey;63155
Bermudas (Reino Unido);https://upload.wikimedia.org/wikipedia/commons/thumb/b/bf/Flag_of_Bermuda.svg/22px-Flag_of_Bermuda.svg.png;https://wikipedia.org//wiki/Bermudas;62278
Ilhas Marshall;https://upload.wikimedia.org/wikipedia/commons/thumb/2/2e/Flag_of_the_Marshall_Islands.svg/22px-Flag_of_the_Marshall_Islands.svg.png;https://wikipedia.org//wiki/Ilhas_Marshall;59190
Marianas Setentrionais  (Estados Unidos);https://upload.wikimedia.org/wikipedia/commons/thumb/e/e0/Flag_of_the_Northern_Mariana_Islands.svg/22px-Flag_of_the_Northern_Mariana_Islands.svg.png;https://wikipedia.org//wiki/Marianas_Setentrionais;57559
Ossétia do Sul (Geórgia);https://upload.wikimedia.org/wikipedia/commons/thumb/1/12/Flag_of_South_Ossetia.svg/22px-Flag_of_South_Ossetia.svg.png;https://wikipedia.org//wiki/Oss%C3%A9tia_do_Sul;57095
Gronelândia (Dinamarca);https://upload.wikimedia.org/wikipedia/commons/thumb/0/09/Flag_of_Greenland.svg/22px-Flag_of_Greenland.svg.png;https://wikipedia.org//wiki/Ficheiro:Flag_of_Greenland.svg;56770
Samoa Americana  (Estados Unidos);https://upload.wikimedia.org/wikipedia/commons/thumb/8/87/Flag_of_American_Samoa.svg/22px-Flag_of_American_Samoa.svg.png;https://wikipedia.org//wiki/Samoa_Americana;55191
São Cristóvão e Nevis;https://upload.wikimedia.org/wikipedia/commons/thumb/f/fe/Flag_of_Saint_Kitts_and_Nevis.svg/22px-Flag_of_Saint_Kitts_and_Nevis.svg.png;https://wikipedia.org//wiki/S%C3%A3o_Crist%C3%B3v%C3%A3o_e_Nevis;53199
Ilhas Faroe (Dinamarca);https://upload.wikimedia.org/wikipedia/commons/thumb/3/3c/Flag_of_the_Faroe_Islands.svg/22px-Flag_of_the_Faroe_Islands.svg.png;https://wikipedia.org//wiki/Ilhas_Faroe;48863
São Martinho  (Países Baixos);https://upload.wikimedia.org/wikipedia/commons/thumb/d/d3/Flag_of_Sint_Maarten.svg/22px-Flag_of_Sint_Maarten.svg.png;https://wikipedia.org//wiki/S%C3%A3o_Martinho_(Pa%C3%ADses_Baixos);42876
Mônaco;https://upload.wikimedia.org/wikipedia/commons/thumb/e/ea/Flag_of_Monaco.svg/22px-Flag_of_Monaco.svg.png;https://wikipedia.org//wiki/M%C3%B4naco;39242
Ilhas Turks e Caicos (Reino Unido);https://upload.wikimedia.org/wikipedia/commons/thumb/a/a0/Flag_of_the_Turks_and_Caicos_Islands.svg/22px-Flag_of_the_Turks_and_Caicos_Islands.svg.png;https://wikipedia.org//wiki/Ilhas_Turks_e_Caicos;38717
São Martinho  (França);https://upload.wikimedia.org/wikipedia/commons/thumb/d/dd/Flag_of_Saint-Martin_%28fictional%29.svg/22px-Flag_of_Saint-Martin_%28fictional%29.svg.png;https://wikipedia.org//wiki/Ficheiro:Flag_of_Saint-Martin_(fictional).svg;38666
Liechtenstein;https://upload.wikimedia.org/wikipedia/commons/thumb/4/47/Flag_of_Liechtenstein.svg/22px-Flag_of_Liechtenstein.svg.png;https://wikipedia.org//wiki/Liechtenstein;38128
San Marino;https://upload.wikimedia.org/wikipedia/commons/thumb/b/b1/Flag_of_San_Marino.svg/22px-Flag_of_San_Marino.svg.png;https://wikipedia.org//wiki/San_Marino;33931
Gibraltar (Reino Unido);https://upload.wikimedia.org/wikipedia/commons/thumb/0/02/Flag_of_Gibraltar.svg/22px-Flag_of_Gibraltar.svg.png;https://wikipedia.org//wiki/Gibraltar;33691
Ilhas Virgens Britânicas  (Reino Unido);https://upload.wikimedia.org/wikipedia/commons/thumb/4/42/Flag_of_the_British_Virgin_Islands.svg/22px-Flag_of_the_British_Virgin_Islands.svg.png;https://wikipedia.org//wiki/Ilhas_Virgens_Brit%C3%A2nicas;30231
Bonaire (Países Baixos);https://upload.wikimedia.org/wikipedia/commons/thumb/1/1e/Flag_of_Bonaire.svg/22px-Flag_of_Bonaire.svg.png;https://wikipedia.org//wiki/Bonaire;20915
Palau;https://upload.wikimedia.org/wikipedia/commons/thumb/4/48/Flag_of_Palau.svg/22px-Flag_of_Palau.svg.png;https://wikipedia.org//wiki/Palau;18094
Ilhas Cook;https://upload.wikimedia.org/wikipedia/commons/thumb/3/35/Flag_of_the_Cook_Islands.svg/22px-Flag_of_the_Cook_Islands.svg.png;https://wikipedia.org//wiki/Ilhas_Cook;17564
Anguila (Reino Unido);https://upload.wikimedia.org/wikipedia/commons/thumb/b/b4/Flag_of_Anguilla.svg/22px-Flag_of_Anguilla.svg.png;https://wikipedia.org//wiki/Anguila;15003
Tuvalu;https://upload.wikimedia.org/wikipedia/commons/thumb/3/38/Flag_of_Tuvalu.svg/22px-Flag_of_Tuvalu.svg.png;https://wikipedia.org//wiki/Tuvalu;11792
Wallis e Futuna  (França);https://upload.wikimedia.org/wikipedia/commons/thumb/d/d2/Flag_of_Wallis_and_Futuna.svg/22px-Flag_of_Wallis_and_Futuna.svg.png;https://wikipedia.org//wiki/Wallis_e_Futuna;11239
Nauru;https://upload.wikimedia.org/wikipedia/commons/thumb/3/30/Flag_of_Nauru.svg/22px-Flag_of_Nauru.svg.png;https://wikipedia.org//wiki/Nauru;10824
São Bartolomeu (França);https://upload.wikimedia.org/wikipedia/commons/thumb/b/b4/Flag_of_Saint_Barth%C3%A9lemy_%28local%29.svg/22px-Flag_of_Saint_Barth%C3%A9lemy_%28local%29.svg.png;https://wikipedia.org//wiki/Ficheiro:Flag_of_Saint_Barth%C3%A9lemy_(local).svg;9877
São Pedro e Miquelão  (França);https://upload.wikimedia.org/wikipedia/commons/thumb/7/74/Flag_of_Saint-Pierre_and_Miquelon.svg/22px-Flag_of_Saint-Pierre_and_Miquelon.svg.png;https://wikipedia.org//wiki/Ficheiro:Flag_of_Saint-Pierre_and_Miquelon.svg;6008
Montserrat  (Reino Unido);https://upload.wikimedia.org/wikipedia/commons/thumb/d/d0/Flag_of_Montserrat.svg/22px-Flag_of_Montserrat.svg.png;https://wikipedia.org//wiki/Montserrat;4992
Santa Helena (território) do Reino Unido);https://upload.wikimedia.org/wikipedia/commons/thumb/0/00/Flag_of_Saint_Helena.svg/22px-Flag_of_Saint_Helena.svg.png;https://wikipedia.org//wiki/Santa_Helena_(territ%C3%B3rio);4889
Ilhas Malvinas (Reino Unido);https://upload.wikimedia.org/wikipedia/commons/thumb/8/83/Flag_of_the_Falkland_Islands.svg/22px-Flag_of_the_Falkland_Islands.svg.png;https://wikipedia.org//wiki/Ilhas_Malvinas;3480
Santo Eustáquio (Países Baixos);https://upload.wikimedia.org/wikipedia/commons/thumb/0/08/Flag_of_Sint_Eustatius.svg/22px-Flag_of_Sint_Eustatius.svg.png;https://wikipedia.org//wiki/Santo_Eust%C3%A1quio_(Pa%C3%ADses_Baixos);3139
Território Britânico do Oceano Índico (UK);https://upload.wikimedia.org/wikipedia/commons/thumb/6/65/Flag_of_the_Commissioner_of_the_British_Indian_Ocean_Territory.svg/22px-Flag_of_the_Commissioner_of_the_British_Indian_Ocean_Territory.svg.png;https://wikipedia.org//wiki/Territ%C3%B3rio_Brit%C3%A2nico_do_Oceano_%C3%8Dndico;3000
Ilha Christmas (Austrália);https://upload.wikimedia.org/wikipedia/commons/thumb/6/67/Flag_of_Christmas_Island.svg/22px-Flag_of_Christmas_Island.svg.png;https://wikipedia.org//wiki/Ficheiro:Flag_of_Christmas_Island.svg;1996
Niue;https://upload.wikimedia.org/wikipedia/commons/thumb/0/01/Flag_of_Niue.svg/22px-Flag_of_Niue.svg.png;https://wikipedia.org//wiki/Niue;1626
Saba (Países Baixos);https://upload.wikimedia.org/wikipedia/commons/thumb/5/5a/Flag_of_Saba.svg/22px-Flag_of_Saba.svg.png;https://wikipedia.org//wiki/Saba;1933
Ilha Norfolk (Austrália);https://upload.wikimedia.org/wikipedia/commons/thumb/4/48/Flag_of_Norfolk_Island.svg/22px-Flag_of_Norfolk_Island.svg.png;https://wikipedia.org//wiki/Ilha_Norfolk;1734
Tokelau   (NZ);https://upload.wikimedia.org/wikipedia/commons/thumb/8/8e/Flag_of_Tokelau.svg/22px-Flag_of_Tokelau.svg.png;https://wikipedia.org//wiki/Tokelau;1357
Ilha de Ascensão (Reino Unido);https://upload.wikimedia.org/wikipedia/commons/thumb/6/65/Flag_of_Ascension_Island.svg/22px-Flag_of_Ascension_Island.svg.png;https://wikipedia.org//wiki/Ilha_de_Ascens%C3%A3o;806
Vaticano;https://upload.wikimedia.org/wikipedia/commons/thumb/0/00/Flag_of_the_Vatican_City.svg/20px-Flag_of_the_Vatican_City.svg.png;https://wikipedia.org//wiki/Vaticano;801
Ilhas Cocos (Keeling)  (Austrália);https://upload.wikimedia.org/wikipedia/commons/thumb/7/74/Flag_of_the_Cocos_%28Keeling%29_Islands.svg/22px-Flag_of_the_Cocos_%28Keeling%29_Islands.svg.png;https://wikipedia.org//wiki/Ilhas_Cocos_(Keeling);573
Tristão da Cunha (Reino Unido);https://upload.wikimedia.org/wikipedia/commons/thumb/8/89/Flag_of_Tristan_da_Cunha.svg/22px-Flag_of_Tristan_da_Cunha.svg.png;https://wikipedia.org//wiki/Trist%C3%A3o_da_Cunha;277
Ilhas Pitcairn (Reino Unido);https://upload.wikimedia.org/wikipedia/commons/thumb/8/88/Flag_of_the_Pitcairn_Islands.svg/22px-Flag_of_the_Pitcairn_Islands.svg.png;https://wikipedia.org//wiki/Ilhas_Pitcairn;50
